{
  "TotalVolume": 0.3975436,
  "MusicVolume": -6.570328,
  "SoundVolume": -28.7244148
}